strain,insertion: 485bp @ ref pos 0,insertion: 1bp @ ref pos 168,insertion: 1bp @ ref pos 468,insertion: 41bp @ ref pos 1047,insertion: 10bp @ ref pos 1208,insertion: 2bp @ ref pos 1230,insertion: 5bp @ ref pos 1381,insertion: 4bp @ ref pos 1522,insertion: 105bp @ ref pos 1542,insertion: 13bp @ ref pos 1568,insertion: 1bp @ ref pos 1591,insertion: 5bp @ ref pos 1606,insertion: 126bp @ ref pos 1627,insertion: 307bp @ ref pos 1639,insertion: 1bp @ ref pos 1749,insertion: 16bp @ ref pos 1807,insertion: 6bp @ ref pos 1831,insertion: 14bp @ ref pos 1895,insertion: 11bp @ ref pos 1926,insertion: 8bp @ ref pos 1955,insertion: 4bp @ ref pos 1996,insertion: 12bp @ ref pos 2122,insertion: 17bp @ ref pos 2131,insertion: 3bp @ ref pos 2161,insertion: 5bp @ ref pos 2277,insertion: 11bp @ ref pos 2311,insertion: 7bp @ ref pos 2337,insertion: 6bp @ ref pos 2537,insertion: 1bp @ ref pos 2593,insertion: 1bp @ ref pos 4068,insertion: 7bp @ ref pos 4093,insertion: 3bp @ ref pos 4166,insertion: 2bp @ ref pos 4187,insertion: 1bp @ ref pos 4198,insertion: 1bp @ ref pos 4765,insertion: 15bp @ ref pos 5239,insertion: 26bp @ ref pos 5536,insertion: 1bp @ ref pos 6774,insertion: 1bp @ ref pos 7017,insertion: 3bp @ ref pos 7332,insertion: 1bp @ ref pos 8637,insertion: 4bp @ ref pos 9462,insertion: 5bp @ ref pos 9477,insertion: 28bp @ ref pos 9492,insertion: 1bp @ ref pos 10617,insertion: 1bp @ ref pos 12119,insertion: 2bp @ ref pos 14226,insertion: 1bp @ ref pos 14625,insertion: 2bp @ ref pos 15665,insertion: 2bp @ ref pos 17622,insertion: 3bp @ ref pos 17837,insertion: 17bp @ ref pos 19543,insertion: 6bp @ ref pos 19611,insertion: 12bp @ ref pos 19669,insertion: 1bp @ ref pos 19725,insertion: 8bp @ ref pos 19791,insertion: 1bp @ ref pos 19859,insertion: 1bp @ ref pos 20606,insertion: 1bp @ ref pos 20700,insertion: 3bp @ ref pos 21592,insertion: 6bp @ ref pos 21796,insertion: 584bp @ ref pos 21873,insertion: 167bp @ ref pos 21888,insertion: 98bp @ ref pos 21894,insertion: 113bp @ ref pos 21910,insertion: 1bp @ ref pos 21973,insertion: 6bp @ ref pos 22161,insertion: 1bp @ ref pos 22821,insertion: 4bp @ ref pos 23915,insertion: 1bp @ ref pos 23948,insertion: 1bp @ ref pos 27418,insertion: 1bp @ ref pos 33037,insertion: 4bp @ ref pos 43432,insertion: 2bp @ ref pos 45136,insertion: 11bp @ ref pos 48210,insertion: 12bp @ ref pos 48644,insertion: 4bp @ ref pos 50119,insertion: 48bp @ ref pos 50175,insertion: 13bp @ ref pos 50216,insertion: 2bp @ ref pos 50256,insertion: 1bp @ ref pos 51360,insertion: 1bp @ ref pos 51592,insertion: 1bp @ ref pos 51844,insertion: 3bp @ ref pos 54322,insertion: 11bp @ ref pos 55347,insertion: 12bp @ ref pos 60876,insertion: 6bp @ ref pos 63686,insertion: 6bp @ ref pos 63711,insertion: 3bp @ ref pos 71721,insertion: 15bp @ ref pos 72867,insertion: 7bp @ ref pos 72958,insertion: 20bp @ ref pos 73866,insertion: 6bp @ ref pos 74040,insertion: 3bp @ ref pos 74288,insertion: 1bp @ ref pos 74329,insertion: 5bp @ ref pos 74353,insertion: 3bp @ ref pos 74395,insertion: 3bp @ ref pos 74617,insertion: 3bp @ ref pos 74649,insertion: 3bp @ ref pos 75047,insertion: 3bp @ ref pos 75089,insertion: 126bp @ ref pos 75253,insertion: 36bp @ ref pos 75429,insertion: 3bp @ ref pos 75502,insertion: 3bp @ ref pos 75596,insertion: 9bp @ ref pos 76546,insertion: 2bp @ ref pos 81895,insertion: 3bp @ ref pos 85809,insertion: 13bp @ ref pos 89154,insertion: 15bp @ ref pos 98610,insertion: 2bp @ ref pos 100564,insertion: 12bp @ ref pos 102681,insertion: 204bp @ ref pos 102782,insertion: 1bp @ ref pos 103309,insertion: 1bp @ ref pos 104517,insertion: 1bp @ ref pos 104570,insertion: 6bp @ ref pos 107118,insertion: 1bp @ ref pos 110278,insertion: 3bp @ ref pos 117366,insertion: 12bp @ ref pos 117400,insertion: 3bp @ ref pos 118012,insertion: 3bp @ ref pos 118227,insertion: 3bp @ ref pos 120554,insertion: 1bp @ ref pos 134447,insertion: 1bp @ ref pos 139395,insertion: 1bp @ ref pos 139814,insertion: 1bp @ ref pos 141252,insertion: 1bp @ ref pos 157044,insertion: 3bp @ ref pos 163590,insertion: 2bp @ ref pos 165080,insertion: 2bp @ ref pos 168750,insertion: 1bp @ ref pos 172112,insertion: 1bp @ ref pos 173050,insertion: 13bp @ ref pos 173348,insertion: 19bp @ ref pos 173381,insertion: 7bp @ ref pos 174681,insertion: 27bp @ ref pos 174702,insertion: 9bp @ ref pos 174806,insertion: 4bp @ ref pos 180977,insertion: 1bp @ ref pos 181050,insertion: 4bp @ ref pos 181060,insertion: 1bp @ ref pos 181101,insertion: 1bp @ ref pos 181279,insertion: 2bp @ ref pos 181585,insertion: 12bp @ ref pos 181626,insertion: 1bp @ ref pos 186219,insertion: 1bp @ ref pos 186239,insertion: 3bp @ ref pos 187662,insertion: 7bp @ ref pos 187758,insertion: 1bp @ ref pos 187838,insertion: 1bp @ ref pos 187865,insertion: 5bp @ ref pos 187888,insertion: 1bp @ ref pos 187910,insertion: 2bp @ ref pos 187922,insertion: 47bp @ ref pos 188085,insertion: 71bp @ ref pos 188620,insertion: 15bp @ ref pos 188641,insertion: 2bp @ ref pos 189207,insertion: 19bp @ ref pos 189477,insertion: 35bp @ ref pos 189512,insertion: 49bp @ ref pos 189527,insertion: 1bp @ ref pos 189933,insertion: 13bp @ ref pos 189961,insertion: 1bp @ ref pos 190013,insertion: 1bp @ ref pos 190107,insertion: 6bp @ ref pos 190211,insertion: 340bp @ ref pos 190231,insertion: 1bp @ ref pos 190416,insertion: 34bp @ ref pos 190443,insertion: 52bp @ ref pos 190552,insertion: 132bp @ ref pos 190565,insertion: 28bp @ ref pos 190584
Vietnam/Pig/RG-4/01,AAAGCAGGTACAATTTTATTATATAGTGCAGATCTTTTTTGTGAAAAAAAAATAATTATTTTTGCGCGCCGGAATAATTATTTTTTTTTCGCGCCGGAAAGTATTTTGTGTACCGTAGTTTCACTAGATTTTGCAACATAGTTTCACTAGATTTCGCGGTGCATACCGGTGGGCGATAGGCATTATTGCTGTAGGCGTTAAACATTAAAATTATTACT,,T,,,,C,,,,,,,,,,,,,,,,,,,,,,,,,,,,,,,,,,,,,,,,,,,G,,,,,,,,,,,G,,,,,,,,,,,C,,,,,,,,,,,,,,,,,,,,,,,,,,,,,,,,,,,,,,,,,,G,,,,,,,,,,,,,,,,,,,,,TATATAGGAA,,,,,,,,,,,,,,,,,,,,,,,,,,,,,,,,,,,,,
ASF/IND/20/CAD/543,AAGTATATTATATATTTTATAATTTTATATATATAAAGCAGGTACAATTTTATTATAAGATCTTTTTTGTGAAAAAAAAATAATTATTTTTTTGCGCGCCGGAATAATTATTTTTTTTATTGATTTTTTTTTCAGTTGTTTTCACAAGATGCAGAATTTTAAAATTATTATTACTGCTTGTAGGCGTTAAACATTAAAATTATTACT,C,,AGGCGTT,TAAACATTAA,GT,GT,TAAA,CTAAATT,A,T,CATGC,TCAA,AAT,A,,,,,,,,,,,,,,G,,TTTAATG,ATA,AT,C,C,TCAGTATTTTGTAAA,TATCTTAAGATAATTATCAAAGTAAC,A,T,TTA,C,TATT,GACAC,,,,,,,,,CCTAG,TGAACA,TATAAATC,A,,C,T,A,ATA,GAGGGG,GCATATAATATTAATTTATGTATCAAAATTTATTTTTTTTTATAAAAGTATATCTTCCATGCTTATCAGATAAATTTGATCAAAATTTAATTTCTYATAAAAAAGGTACACATCAACATTGCTCATTTAAGTTTCATRATGTTTGATTCATTCTTTAATAGCATTAATATTATTATGGTTTAGCAAAAATAGATACTTTTATAGCAGTGCATTATAAGTGATCAAAATTTAAAAAAAAGGTACACATCAACATCATTCATTTGTTTCATGATGTTTGATTCATATTGCTATGGTTTACTAATTATTATGTAGAATTTATAGTAAA,TTTTTGTTAATATAATTTAAATTACAAAAAAAAGAGAATCATCATGCTATTATACATTGTTATTATAGTAGCATATGTAAGTTATAAATCATGAAAAATTAG,T,TTGAGTAATATGTTGAACATAATTGTAGTAATTGTACTAAATG,A,ACGATC,T,TGTT,A,,,TAAT,AA,TACTAGCTATA,GCCATCATCATC,TTAC,TTAGTTTATGWTATTTTATAATTAGKTACTTTATTACGATGAATTAGT,TTATTAACGATTC,TC,A,T,,TTC,GATACAATTGT,GTAAGTGTCTCC,GTCATA,TCATTA,ACT,CTTAACAGATGCAAT,ATGGTGC,ATATTAAGTAC,,AAA,T,AAATG,AAC,ACA,TTT,GAA,CCT,CCTAAACCGTGTCCTCCACCCAAACCATGTCCGCCACCCAAGCCATGCCCGCCACCCAAACCATGTCCT,TATTTAATAAATATCATGTATTTATTAAATACCACG,AAA,CGC,ACATCTAAT,TA,ATA,GTTTAAACTAAAA,CGGCCGGCTTTGGAC,CT,GTGCTTGYACAR,TGCACAAGTGCTTGCACAGGTGTCTACATTGGTATCTGCACAAGTGCTTGCACAGGTGTCTACATTGGTATCTGCACAAGTTGTGCTTGCACAAGTGCTTTGCTTGCACAAGTGTCTACATTGGTATCTGCACAAGTGCT,,A,T,CGGCCA,,TTT,CCAGCCGGCAAC,GGG,TTA,TAA,A,A,,A,A,GCG,CT,,,C,AACATAGTTAAGC,TATATATAGGAATATATGA,TAAGCAT,TAAGCCTAAATTCTATGCACTAAACTG,ATCTCTTCA,CTAT,A,AGTT,T,T,GT,AAATAAATAGTT,G,G,CCA,AAC,T,T,TGTTT,A,AA,,TTG,AGG,,TGGCGATTT,TAGTA,A,A,GTAGTAATAATTT,T,,AGCAGT,ACGCCTACAACAGTAGTAATAATTTTAATGTTTAACGCCTATAGCAGTAGTAATATAAGTTTAATGTTTAACGCCTACAGCAGTAGTAATAATTTTAATCTTTGACGCCTACAGCAGTAGTAATAATTTTAATGTTTAACGCCTACAACAGTAGTAATAATTTTAATGTTTAACGCCTACAGCAGTAGTAATAATTTTAATGTTTAACGCCTACAGCAGTAGTAATAATTTTAATCTTTGACGCCTACAACAGTAGTAATAATTTTAATGTTTAACGCCTACAACAGTAGTAATAATTTTAATGTTTA,G,,ACCGCGAAATCTAGTGAAACTACGGTACACAAAATACTTTCCGGCGAAAAAA,ATCTTGTGAAACTACAAAATGCAGACAACTGAAAAAAAAATCAGCAAAAAAAATAATTA,AATTATTTTTTTTTCACAAAAAAGATCT
Korea/PC1432/2021,,,,,,,C,,,,,,,,,,,,,,,,,,,,,,,,,,,,,,,,,,,,,,,,,,,GG,,,,,,,,,,,,,,,,,,,,,,,,,,,,,,,,,,,,,,,,,,,,,,,,,,,,,,,,,,,,,,,,G,,,,,,,,,,,,,,,,,,,,,TATATAGGAA,,,,,,,,,,,,,,,,,,,,,,,,,,,,,,,,,,,,,
Korea/CW714/2020,,,,,,,C,,,,,,,,,,,,,,,,,,,,,,,,,,,,,,,,,,,,,,,A,,,,,G,,,,,,,,,,,,,,,,,,,,,,,,,,,,,,,,,,,,,,,,,,,,,,,,,,,,,,,,,,,,,,,G,,,,,,,,,,,,,,,,,,,,,TATATAGGAA,,,,,,,,,,,,,,,,,,,,,,,,,,,,,,,,,,,,,
pig/HuB1/2019,,,,,,,C,,,,,,,,,,,,,,,,,,,,,,,,,,,,,,,,,,,,,,,,,,,,,,,,,,,,,,G,,,,,,,,,,,,,,,,,,,,,,,,,,,,,,,,,,,,,,,,,,,,,,,,,,,,,G,,,,,,,,,,,,,,,,,,,,,TATATAGGAA,,,,,,,,,,,,,,,,,,,,,,,,,,,,,,A,,,,,,,
S-S-VR-413000-00008,,,,,,,C,,,,,,,,,,,,,,,,,,,,,,,,,,,,,,,,,,,,,,,,,,,,,,,,,,,,,,GG,,,,,,,,,,,,,,,,,,,,,,,,,,,,,,,,,,,,,,,,,,,,,,,,,,,,,G,,,,,,,,,,,,,,,,,,,,,,,,,,,,,,,,,,,,,,,,,,,,,,,,,,,A,,,,,,,
HuB20,,,,,,,C,,,,,,,,,,,,,,,,,,,,,,,T,,,,,,,,,,,,,,,G,,,,,,,,,,,G,,,,,G,,,,,,,,,,,,,,,,,,,,,,T,,,,,,,,,,,,,,,,,,,,,,,,,,,,,,,G,,,,,,,,,,,,A,,,,,AA,,,,TATATAGGAA,,,,,,,,,,,,,,,,,,,,,,,AA,,,,,,,A,,ACGCCTACAGCAGTAGTAATAATTTTAATGTTTAACGCCTACAGCAGTACAATAATTTTAATCTTTAACGCCTACAGCAGTAGTAATAATTTTAATGTTTAACGCCTACAGCAGTAGTAATAATTTTAATCTTTGACGCCTACAGCAGTAGTAATAATTTTAATGTTTAACGCCTACAGCAGTACAATAATTTTAATGTTTAACGCCTGCAGCAGTACTAATAATTTTAATGTTTAACGCCTACAGCAGTAGTAATAATTTTAATGTTTAACGCCTACAGCAGTAGTAATAATTTTAATCTTTA,,,,,
CN/2019/InnerMongolia-AES01,,,,,,,CCCCC,,,,,,,,,,,,,,,,,,,,,,,,,,,,,,,,,,,,,,,,,,CC,,,,,,,,,,,,,,,,,,,,,,,,,,,,,,,,,,,,,,,,,,,,,,,,,,,,,,,,,,,,,,,,,G,,,,,,,,,,,,,,,,,,,,,TATATAGGAA,,,,,,,,,,,,,,,,,,,,,,,,,,,,,,,,,,,,,
S-S-VR-413000-00002,,,,,,,A,,,,,,,,,,,,,,,,,,,,,,,,,,,,,,,,,,,,,,,,,,,,,,,,,,,,,,GGGG,,,,,,,,,,,,,,,,,,,,,,,,,,,,,,,,,,,,,,,,,,,,,,,,,,,,,G,,,,,,,,,,,,,,,,,,,,,,,,,,,,,,,,,,,,,,,,,,,,,,,,,,,,,,,,,,
wildboar/SNJ/2020,,,,,,,,,,,,,,,,TATATGCACCAGGACC,AAGCTT,TAATATTATTCTAT,CCTAAATAATG,CTAGATAC,AAAT,TGTGGGGTTGCT,GTCTTTGACCTTCATGA,,TCGGG,TAACTTATTCC,TTCGAAG,AATATA,,,,,,,,,,,,,,,,,,,C,,,,G,,,,,,,,,,G,,,,,,,,,,,C,,,,,,,,,,,,,,,,,,,,,,,,,,,,,,,,,,,,,,,,,,G,,,,,,,,,,,,,,,,,,,,,TATATAGGAA,,,,,,,,,,,,,,,,,,,,,,,,,,,,,,A,,,,,,,
Vietnam/Pig/RG-7/01,,,,,,,,,,,,,,,,,,,,,,,,TAC,,,,,,,,,,,,,,,,,,,,,,,,,,,G,,,,,,,,,,GG,,,,,,,,,,,C,,,,,,,,,,,,,,,,,,,,,,,,,,,,,,,,,,,,,,,,,,G,,,,,,,,,,,,,,,,,,,,,TATATAGGAA,,,,,,,,,,,,,,,,,,,,,,,,,,,,,,A,,,,,,,
K1-1/Liver/Kupang/Indonesia/2023,,,,,,,,,,,,,,,,,,,,,,,,TAC,,,,,,,,,,,,,,,,,,,,,,,,,,,G,,,,,GG,,,,,G,,,,,,,,,,,C,,,,,,,,,,,,,,,,,,,,,,,,,,,,,,,,,,,,,,,,,,G,,,,,,,,,,,,,,,,,A,,,,TATATAGGAA,,,,,,,,,,,,,,,,,,,,,,,,,,,,,,,,,,,,,
Vietnam/Pig/RG-6/01,,,,,,,,,,,,,,,,,,,,,,,,TAC,,,,,,,,,,,,,,,,,,,,,,,CC,,,,GGG,,,,,GGG,,,,,GG,,,,,,,,,,,C,,,,,,,,,,,,,,,,,,,,,,,,,,,,,,,,,,,,,,,,,,G,,,,,,,,,,,,,,,,,,,,,TATATAGGAA,,,,,,,,,,,,,,,,,,,,,,,,,,,,,,A,,,,,,,
ASFV-wbBS01,,,,,,,,,,,,,,,,,,,,,,,,,,,,,,T,,,,,,,,,,,,,,,,,C,A,,,,,,,,,,,,,GG,,,,,,,,,,T,,,,,,,,,,,,,,,,,,,,,,,,,,,,,,,,,,,,,,,,,,,G,,,,,,,,,,,,,,,,,,,,,,,,,,,,,,,,,,,,,,,,,,,,,,,,,,,A,,,,,,,
S-S-VR-413000-00015,,,,,,,,,,,,,,,,,,,,,,,,,,,,,,,,,,,,,,,,,,,,,,A,,,,,G,,,,,,,,,,GGGGG,,,,,,,,,,,,,,,,,,,,,,,,,,,,,,,,,,,,,,,,,,,,,,,,,,,,,G,,,,,,,,,,,,,,,,,,,,,,,,,,,,,,,,,,,,,,,,,,,,,,,,,,,A,,,,,,,
Pig/HLJ/2018,,,,,,,,,,,,,,,,,,,,,,,,,,,,,,,,,,,,,,,,,,,,,,,C,,,,G,,,,,,,,,,GG,,,,,,,,,,,,,,,,,,,,,,,,,,,,,,,,,,,,,,,,,,,,,,,,,,,,,G,,,,,,,,,,,,,,,,,,,,,TATATAGGAA,,,,,,,,,,,,,,,,,,,,,,,,,,,,,,A,,,,,,,
Vietnam/Pig/RG-5/01,,,,,,,,,,,,,,,,,,,,,,,,,,,,,,,,,,,,,,,,,,,,,,,C,,,,,,,,,,,,,,GG,,,,,,,,,,,C,,,,,,,,,,,,,,,,,,,,,,,,,,,,,,,,,,,,,,,,,,G,,,,A,,,,,,,,,,,,,,A,,,TATATAGGAA,,,,,,,,,,,,,,,,,,,,,,,,,,,,,,A,,,,,,,
VNUA-ASFV-05L1/HaNam/VN/2020,,,,,,,,,,,,,,,,,,,,,,,,,,,,,,,,,,,,,,,,,,,,,,,,,,GG,G,,,,,GG,,,,,,,,,,,,,,,,C,,,,,,,,,,,,,,,,,,,,,,,,,,,,,,,,,,,,,,,,,,G,,,,,,,,,,,,,,,,,,,,,TATATAGGAA,,,,,,,,,,,,,,,,,,,,,,,,,,,,,,,,,,,,,
China/2018/AnhuiXCGQ,,,,,,,,,,,,,,,,,,,,,,,,,,,,,,,,,,,,,,,,,,,,,,,,,,,,,,,,,,,,,G,,,,,,,,,,,,,,,,,,,,,,,,,,,,,,,,,,,,,,,,,,,,,,,,,,,,,G,,,,,,,,,,,,,,,,,,,,,TATATAGGAA,,,,,,,,,,,,,,,,,,,,,,,,,,,,,,,,,,,,,
China/LN/2018/2,,,,,,,,,,,,,,,,,,,,,,,,,,,,,,,,,,,,,,,,,,,,,,,,,,,,,,,,,,,,,G,,,,,,,,,,,,,,,,,,,,,,,,,,,,,,,,,,,,,,,,,,,,,,,,,,,,,G,,,,,,,,,,,,,,,,,,,,,TATATAGGAA,,,,,,,,,,,,,,,,,,,,,,,,,,,,,,A,,,,,,,
Mon_Dom,,,,,,,,,,,,,,,,,,,,,,,,,,,,,,,,,,,,,,,,,,,,,,,,,,,,,,,,,,,,,G,,,,,,,,,,,,,,,,,,,,,,,,,,,,,,,,,,,,,,,,,,,,,,,,,,,,,G,,,,,,,,,,,,,,,,,,,,,TATATAGGAA,,,,,,,,,,,,,,,,,,,,,,,,,,,,,,,,,,,,,
Korea/YC1/2019,,,,,,,,,,,,,,,,,,,,,,,,,,,,,,,,,,,,,,,,,,,,,,,,,,,,,,,,,,,,,,,,,,,,,,,,,,,,,,,,,,,,,,,,,,,,,,,,,,,,,,,,,,,,,,,,,,G,,,,,,,,,,,,,,,,,,,,,TATATAGGAA,,,,,,,,,,,,,,,,,,,,,,,,,,,,,,,,,,,,,
